pic_id,Views,tag
52143165940,325.0,sigiriya
51974685678,170.0,sigiriya
51973910823,620.0,sigiriya
51968020497,509.0,sigiriya
51969082623,96.0,sigiriya
51969578805,123.0,sigiriya
51969070808,136.0,sigiriya
51969065253,164.0,sigiriya
51969558595,465.0,sigiriya
51927606486,37.0,sigiriya
51915243016,828.0,sigiriya
51912770477,1573.0,sigiriya
51386820672,460.0,sigiriya
51384655283,48.0,sigiriya
51385146089,522.0,sigiriya
51381774242,523.0,sigiriya
51341421537,346.0,sigiriya
51332992069,158.0,sigiriya
51235623724,278.0,sigiriya
51232624966,158.0,sigiriya
